Lead,Score,Message
Skip to content,High Potential Lead,"
Hello Skip to content,

We noticed your interest online and wanted to introduce our AI-powered marketing solution
that helps businesses generate high-quality leads.

Let us know if you'd like to learn more.

Best regards,
AI Marketing Team
"
▼ Close,Low Potential Lead,"
Hello ▼ Close,

We noticed your interest online and wanted to introduce our AI-powered marketing solution
that helps businesses generate high-quality leads.

Let us know if you'd like to learn more.

Best regards,
AI Marketing Team
"
Python,Low Potential Lead,"
Hello Python,

We noticed your interest online and wanted to introduce our AI-powered marketing solution
that helps businesses generate high-quality leads.

Let us know if you'd like to learn more.

Best regards,
AI Marketing Team
"
PSF,Low Potential Lead,"
Hello PSF,

We noticed your interest online and wanted to introduce our AI-powered marketing solution
that helps businesses generate high-quality leads.

Let us know if you'd like to learn more.

Best regards,
AI Marketing Team
"
Docs,Low Potential Lead,"
Hello Docs,

We noticed your interest online and wanted to introduce our AI-powered marketing solution
that helps businesses generate high-quality leads.

Let us know if you'd like to learn more.

Best regards,
AI Marketing Team
"
PyPI,Low Potential Lead,"
Hello PyPI,

We noticed your interest online and wanted to introduce our AI-powered marketing solution
that helps businesses generate high-quality leads.

Let us know if you'd like to learn more.

Best regards,
AI Marketing Team
"
Jobs,Low Potential Lead,"
Hello Jobs,

We noticed your interest online and wanted to introduce our AI-powered marketing solution
that helps businesses generate high-quality leads.

Let us know if you'd like to learn more.

Best regards,
AI Marketing Team
"
Community,Low Potential Lead,"
Hello Community,

We noticed your interest online and wanted to introduce our AI-powered marketing solution
that helps businesses generate high-quality leads.

Let us know if you'd like to learn more.

Best regards,
AI Marketing Team
"
▲ The Python Network,High Potential Lead,"
Hello ▲ The Python Network,

We noticed your interest online and wanted to introduce our AI-powered marketing solution
that helps businesses generate high-quality leads.

Let us know if you'd like to learn more.

Best regards,
AI Marketing Team
"
Donate,Low Potential Lead,"
Hello Donate,

We noticed your interest online and wanted to introduce our AI-powered marketing solution
that helps businesses generate high-quality leads.

Let us know if you'd like to learn more.

Best regards,
AI Marketing Team
"
≡ Menu,Low Potential Lead,"
Hello ≡ Menu,

We noticed your interest online and wanted to introduce our AI-powered marketing solution
that helps businesses generate high-quality leads.

Let us know if you'd like to learn more.

Best regards,
AI Marketing Team
"
A A,Low Potential Lead,"
Hello A A,

We noticed your interest online and wanted to introduce our AI-powered marketing solution
that helps businesses generate high-quality leads.

Let us know if you'd like to learn more.

Best regards,
AI Marketing Team
"
Smaller,Low Potential Lead,"
Hello Smaller,

We noticed your interest online and wanted to introduce our AI-powered marketing solution
that helps businesses generate high-quality leads.

Let us know if you'd like to learn more.

Best regards,
AI Marketing Team
"
Larger,Low Potential Lead,"
Hello Larger,

We noticed your interest online and wanted to introduce our AI-powered marketing solution
that helps businesses generate high-quality leads.

Let us know if you'd like to learn more.

Best regards,
AI Marketing Team
"
Reset,Low Potential Lead,"
Hello Reset,

We noticed your interest online and wanted to introduce our AI-powered marketing solution
that helps businesses generate high-quality leads.

Let us know if you'd like to learn more.

Best regards,
AI Marketing Team
"
Socialize,Low Potential Lead,"
Hello Socialize,

We noticed your interest online and wanted to introduce our AI-powered marketing solution
that helps businesses generate high-quality leads.

Let us know if you'd like to learn more.

Best regards,
AI Marketing Team
"
LinkedIn,Low Potential Lead,"
Hello LinkedIn,

We noticed your interest online and wanted to introduce our AI-powered marketing solution
that helps businesses generate high-quality leads.

Let us know if you'd like to learn more.

Best regards,
AI Marketing Team
"
Mastodon,Low Potential Lead,"
Hello Mastodon,

We noticed your interest online and wanted to introduce our AI-powered marketing solution
that helps businesses generate high-quality leads.

Let us know if you'd like to learn more.

Best regards,
AI Marketing Team
"
Chat on IRC,High Potential Lead,"
Hello Chat on IRC,

We noticed your interest online and wanted to introduce our AI-powered marketing solution
that helps businesses generate high-quality leads.

Let us know if you'd like to learn more.

Best regards,
AI Marketing Team
"
Twitter,Low Potential Lead,"
Hello Twitter,

We noticed your interest online and wanted to introduce our AI-powered marketing solution
that helps businesses generate high-quality leads.

Let us know if you'd like to learn more.

Best regards,
AI Marketing Team
"
About,Low Potential Lead,"
Hello About,

We noticed your interest online and wanted to introduce our AI-powered marketing solution
that helps businesses generate high-quality leads.

Let us know if you'd like to learn more.

Best regards,
AI Marketing Team
"
Applications,High Potential Lead,"
Hello Applications,

We noticed your interest online and wanted to introduce our AI-powered marketing solution
that helps businesses generate high-quality leads.

Let us know if you'd like to learn more.

Best regards,
AI Marketing Team
"
Quotes,Low Potential Lead,"
Hello Quotes,

We noticed your interest online and wanted to introduce our AI-powered marketing solution
that helps businesses generate high-quality leads.

Let us know if you'd like to learn more.

Best regards,
AI Marketing Team
"
Getting Started,High Potential Lead,"
Hello Getting Started,

We noticed your interest online and wanted to introduce our AI-powered marketing solution
that helps businesses generate high-quality leads.

Let us know if you'd like to learn more.

Best regards,
AI Marketing Team
"
Help,Low Potential Lead,"
Hello Help,

We noticed your interest online and wanted to introduce our AI-powered marketing solution
that helps businesses generate high-quality leads.

Let us know if you'd like to learn more.

Best regards,
AI Marketing Team
"
Python Brochure,High Potential Lead,"
Hello Python Brochure,

We noticed your interest online and wanted to introduce our AI-powered marketing solution
that helps businesses generate high-quality leads.

Let us know if you'd like to learn more.

Best regards,
AI Marketing Team
"
Downloads,Low Potential Lead,"
Hello Downloads,

We noticed your interest online and wanted to introduce our AI-powered marketing solution
that helps businesses generate high-quality leads.

Let us know if you'd like to learn more.

Best regards,
AI Marketing Team
"
All releases,High Potential Lead,"
Hello All releases,

We noticed your interest online and wanted to introduce our AI-powered marketing solution
that helps businesses generate high-quality leads.

Let us know if you'd like to learn more.

Best regards,
AI Marketing Team
"
Source code,High Potential Lead,"
Hello Source code,

We noticed your interest online and wanted to introduce our AI-powered marketing solution
that helps businesses generate high-quality leads.

Let us know if you'd like to learn more.

Best regards,
AI Marketing Team
"
Windows,Low Potential Lead,"
Hello Windows,

We noticed your interest online and wanted to introduce our AI-powered marketing solution
that helps businesses generate high-quality leads.

Let us know if you'd like to learn more.

Best regards,
AI Marketing Team
"
macOS,Low Potential Lead,"
Hello macOS,

We noticed your interest online and wanted to introduce our AI-powered marketing solution
that helps businesses generate high-quality leads.

Let us know if you'd like to learn more.

Best regards,
AI Marketing Team
"
Android,Low Potential Lead,"
Hello Android,

We noticed your interest online and wanted to introduce our AI-powered marketing solution
that helps businesses generate high-quality leads.

Let us know if you'd like to learn more.

Best regards,
AI Marketing Team
"
Other Platforms,High Potential Lead,"
Hello Other Platforms,

We noticed your interest online and wanted to introduce our AI-powered marketing solution
that helps businesses generate high-quality leads.

Let us know if you'd like to learn more.

Best regards,
AI Marketing Team
"
License,Low Potential Lead,"
Hello License,

We noticed your interest online and wanted to introduce our AI-powered marketing solution
that helps businesses generate high-quality leads.

Let us know if you'd like to learn more.

Best regards,
AI Marketing Team
"
Alternative Implementations,High Potential Lead,"
Hello Alternative Implementations,

We noticed your interest online and wanted to introduce our AI-powered marketing solution
that helps businesses generate high-quality leads.

Let us know if you'd like to learn more.

Best regards,
AI Marketing Team
"
Documentation,High Potential Lead,"
Hello Documentation,

We noticed your interest online and wanted to introduce our AI-powered marketing solution
that helps businesses generate high-quality leads.

Let us know if you'd like to learn more.

Best regards,
AI Marketing Team
"
Docs,Low Potential Lead,"
Hello Docs,

We noticed your interest online and wanted to introduce our AI-powered marketing solution
that helps businesses generate high-quality leads.

Let us know if you'd like to learn more.

Best regards,
AI Marketing Team
"
Audio/Visual Talks,High Potential Lead,"
Hello Audio/Visual Talks,

We noticed your interest online and wanted to introduce our AI-powered marketing solution
that helps businesses generate high-quality leads.

Let us know if you'd like to learn more.

Best regards,
AI Marketing Team
"
Beginner's Guide,High Potential Lead,"
Hello Beginner's Guide,

We noticed your interest online and wanted to introduce our AI-powered marketing solution
that helps businesses generate high-quality leads.

Let us know if you'd like to learn more.

Best regards,
AI Marketing Team
"
FAQ,Low Potential Lead,"
Hello FAQ,

We noticed your interest online and wanted to introduce our AI-powered marketing solution
that helps businesses generate high-quality leads.

Let us know if you'd like to learn more.

Best regards,
AI Marketing Team
"
Non-English Docs,High Potential Lead,"
Hello Non-English Docs,

We noticed your interest online and wanted to introduce our AI-powered marketing solution
that helps businesses generate high-quality leads.

Let us know if you'd like to learn more.

Best regards,
AI Marketing Team
"
PEP Index,Low Potential Lead,"
Hello PEP Index,

We noticed your interest online and wanted to introduce our AI-powered marketing solution
that helps businesses generate high-quality leads.

Let us know if you'd like to learn more.

Best regards,
AI Marketing Team
"
Python Books,High Potential Lead,"
Hello Python Books,

We noticed your interest online and wanted to introduce our AI-powered marketing solution
that helps businesses generate high-quality leads.

Let us know if you'd like to learn more.

Best regards,
AI Marketing Team
"
Python Essays,High Potential Lead,"
Hello Python Essays,

We noticed your interest online and wanted to introduce our AI-powered marketing solution
that helps businesses generate high-quality leads.

Let us know if you'd like to learn more.

Best regards,
AI Marketing Team
"
Community,Low Potential Lead,"
Hello Community,

We noticed your interest online and wanted to introduce our AI-powered marketing solution
that helps businesses generate high-quality leads.

Let us know if you'd like to learn more.

Best regards,
AI Marketing Team
"
Diversity,Low Potential Lead,"
Hello Diversity,

We noticed your interest online and wanted to introduce our AI-powered marketing solution
that helps businesses generate high-quality leads.

Let us know if you'd like to learn more.

Best regards,
AI Marketing Team
"
Mailing Lists,High Potential Lead,"
Hello Mailing Lists,

We noticed your interest online and wanted to introduce our AI-powered marketing solution
that helps businesses generate high-quality leads.

Let us know if you'd like to learn more.

Best regards,
AI Marketing Team
"
IRC,Low Potential Lead,"
Hello IRC,

We noticed your interest online and wanted to introduce our AI-powered marketing solution
that helps businesses generate high-quality leads.

Let us know if you'd like to learn more.

Best regards,
AI Marketing Team
"
Forums,Low Potential Lead,"
Hello Forums,

We noticed your interest online and wanted to introduce our AI-powered marketing solution
that helps businesses generate high-quality leads.

Let us know if you'd like to learn more.

Best regards,
AI Marketing Team
"
PSF Annual Impact Report,High Potential Lead,"
Hello PSF Annual Impact Report,

We noticed your interest online and wanted to introduce our AI-powered marketing solution
that helps businesses generate high-quality leads.

Let us know if you'd like to learn more.

Best regards,
AI Marketing Team
"
Python Conferences,High Potential Lead,"
Hello Python Conferences,

We noticed your interest online and wanted to introduce our AI-powered marketing solution
that helps businesses generate high-quality leads.

Let us know if you'd like to learn more.

Best regards,
AI Marketing Team
"
Special Interest Groups,High Potential Lead,"
Hello Special Interest Groups,

We noticed your interest online and wanted to introduce our AI-powered marketing solution
that helps businesses generate high-quality leads.

Let us know if you'd like to learn more.

Best regards,
AI Marketing Team
"
Python Logo,High Potential Lead,"
Hello Python Logo,

We noticed your interest online and wanted to introduce our AI-powered marketing solution
that helps businesses generate high-quality leads.

Let us know if you'd like to learn more.

Best regards,
AI Marketing Team
"
Python Wiki,High Potential Lead,"
Hello Python Wiki,

We noticed your interest online and wanted to introduce our AI-powered marketing solution
that helps businesses generate high-quality leads.

Let us know if you'd like to learn more.

Best regards,
AI Marketing Team
"
Code of Conduct,High Potential Lead,"
Hello Code of Conduct,

We noticed your interest online and wanted to introduce our AI-powered marketing solution
that helps businesses generate high-quality leads.

Let us know if you'd like to learn more.

Best regards,
AI Marketing Team
"
Community Awards,High Potential Lead,"
Hello Community Awards,

We noticed your interest online and wanted to introduce our AI-powered marketing solution
that helps businesses generate high-quality leads.

Let us know if you'd like to learn more.

Best regards,
AI Marketing Team
"
Get Involved,High Potential Lead,"
Hello Get Involved,

We noticed your interest online and wanted to introduce our AI-powered marketing solution
that helps businesses generate high-quality leads.

Let us know if you'd like to learn more.

Best regards,
AI Marketing Team
"
Shared Stories,High Potential Lead,"
Hello Shared Stories,

We noticed your interest online and wanted to introduce our AI-powered marketing solution
that helps businesses generate high-quality leads.

Let us know if you'd like to learn more.

Best regards,
AI Marketing Team
"
Success Stories,High Potential Lead,"
Hello Success Stories,

We noticed your interest online and wanted to introduce our AI-powered marketing solution
that helps businesses generate high-quality leads.

Let us know if you'd like to learn more.

Best regards,
AI Marketing Team
"
Arts,Low Potential Lead,"
Hello Arts,

We noticed your interest online and wanted to introduce our AI-powered marketing solution
that helps businesses generate high-quality leads.

Let us know if you'd like to learn more.

Best regards,
AI Marketing Team
"
Business,Low Potential Lead,"
Hello Business,

We noticed your interest online and wanted to introduce our AI-powered marketing solution
that helps businesses generate high-quality leads.

Let us know if you'd like to learn more.

Best regards,
AI Marketing Team
"
Education,Low Potential Lead,"
Hello Education,

We noticed your interest online and wanted to introduce our AI-powered marketing solution
that helps businesses generate high-quality leads.

Let us know if you'd like to learn more.

Best regards,
AI Marketing Team
"
Engineering,High Potential Lead,"
Hello Engineering,

We noticed your interest online and wanted to introduce our AI-powered marketing solution
that helps businesses generate high-quality leads.

Let us know if you'd like to learn more.

Best regards,
AI Marketing Team
"
Government,Low Potential Lead,"
Hello Government,

We noticed your interest online and wanted to introduce our AI-powered marketing solution
that helps businesses generate high-quality leads.

Let us know if you'd like to learn more.

Best regards,
AI Marketing Team
"
Scientific,Low Potential Lead,"
Hello Scientific,

We noticed your interest online and wanted to introduce our AI-powered marketing solution
that helps businesses generate high-quality leads.

Let us know if you'd like to learn more.

Best regards,
AI Marketing Team
"
Software Development,High Potential Lead,"
Hello Software Development,

We noticed your interest online and wanted to introduce our AI-powered marketing solution
that helps businesses generate high-quality leads.

Let us know if you'd like to learn more.

Best regards,
AI Marketing Team
"
News,Low Potential Lead,"
Hello News,

We noticed your interest online and wanted to introduce our AI-powered marketing solution
that helps businesses generate high-quality leads.

Let us know if you'd like to learn more.

Best regards,
AI Marketing Team
"
Python News,High Potential Lead,"
Hello Python News,

We noticed your interest online and wanted to introduce our AI-powered marketing solution
that helps businesses generate high-quality leads.

Let us know if you'd like to learn more.

Best regards,
AI Marketing Team
"
PSF Newsletter,High Potential Lead,"
Hello PSF Newsletter,

We noticed your interest online and wanted to introduce our AI-powered marketing solution
that helps businesses generate high-quality leads.

Let us know if you'd like to learn more.

Best regards,
AI Marketing Team
"
PSF News,Low Potential Lead,"
Hello PSF News,

We noticed your interest online and wanted to introduce our AI-powered marketing solution
that helps businesses generate high-quality leads.

Let us know if you'd like to learn more.

Best regards,
AI Marketing Team
"
PyCon US News,High Potential Lead,"
Hello PyCon US News,

We noticed your interest online and wanted to introduce our AI-powered marketing solution
that helps businesses generate high-quality leads.

Let us know if you'd like to learn more.

Best regards,
AI Marketing Team
"
News from the Community,High Potential Lead,"
Hello News from the Community,

We noticed your interest online and wanted to introduce our AI-powered marketing solution
that helps businesses generate high-quality leads.

Let us know if you'd like to learn more.

Best regards,
AI Marketing Team
"
Events,Low Potential Lead,"
Hello Events,

We noticed your interest online and wanted to introduce our AI-powered marketing solution
that helps businesses generate high-quality leads.

Let us know if you'd like to learn more.

Best regards,
AI Marketing Team
"
Python Events,High Potential Lead,"
Hello Python Events,

We noticed your interest online and wanted to introduce our AI-powered marketing solution
that helps businesses generate high-quality leads.

Let us know if you'd like to learn more.

Best regards,
AI Marketing Team
"
User Group Events,High Potential Lead,"
Hello User Group Events,

We noticed your interest online and wanted to introduce our AI-powered marketing solution
that helps businesses generate high-quality leads.

Let us know if you'd like to learn more.

Best regards,
AI Marketing Team
"
Python Events Archive,High Potential Lead,"
Hello Python Events Archive,

We noticed your interest online and wanted to introduce our AI-powered marketing solution
that helps businesses generate high-quality leads.

Let us know if you'd like to learn more.

Best regards,
AI Marketing Team
"
User Group Events Archive,High Potential Lead,"
Hello User Group Events Archive,

We noticed your interest online and wanted to introduce our AI-powered marketing solution
that helps businesses generate high-quality leads.

Let us know if you'd like to learn more.

Best regards,
AI Marketing Team
"
Submit an Event,High Potential Lead,"
Hello Submit an Event,

We noticed your interest online and wanted to introduce our AI-powered marketing solution
that helps businesses generate high-quality leads.

Let us know if you'd like to learn more.

Best regards,
AI Marketing Team
"
">_
                        Launch Interactive Shell",High Potential Lead,"
Hello >_
                        Launch Interactive Shell,

We noticed your interest online and wanted to introduce our AI-powered marketing solution
that helps businesses generate high-quality leads.

Let us know if you'd like to learn more.

Best regards,
AI Marketing Team
"
More about defining functions in Python 3,High Potential Lead,"
Hello More about defining functions in Python 3,

We noticed your interest online and wanted to introduce our AI-powered marketing solution
that helps businesses generate high-quality leads.

Let us know if you'd like to learn more.

Best regards,
AI Marketing Team
"
More about lists in Python 3,High Potential Lead,"
Hello More about lists in Python 3,

We noticed your interest online and wanted to introduce our AI-powered marketing solution
that helps businesses generate high-quality leads.

Let us know if you'd like to learn more.

Best regards,
AI Marketing Team
"
More about simple math functions in Python 3,High Potential Lead,"
Hello More about simple math functions in Python 3,

We noticed your interest online and wanted to introduce our AI-powered marketing solution
that helps businesses generate high-quality leads.

Let us know if you'd like to learn more.

Best regards,
AI Marketing Team
"
More control flow tools in Python 3,High Potential Lead,"
Hello More control flow tools in Python 3,

We noticed your interest online and wanted to introduce our AI-powered marketing solution
that helps businesses generate high-quality leads.

Let us know if you'd like to learn more.

Best regards,
AI Marketing Team
"
Whet your appetite,High Potential Lead,"
Hello Whet your appetite,

We noticed your interest online and wanted to introduce our AI-powered marketing solution
that helps businesses generate high-quality leads.

Let us know if you'd like to learn more.

Best regards,
AI Marketing Team
"
Learn More,Low Potential Lead,"
Hello Learn More,

We noticed your interest online and wanted to introduce our AI-powered marketing solution
that helps businesses generate high-quality leads.

Let us know if you'd like to learn more.

Best regards,
AI Marketing Team
"
Take the 2026 survey!,High Potential Lead,"
Hello Take the 2026 survey!,

We noticed your interest online and wanted to introduce our AI-powered marketing solution
that helps businesses generate high-quality leads.

Let us know if you'd like to learn more.

Best regards,
AI Marketing Team
"
Start with our Beginner’s Guide,High Potential Lead,"
Hello Start with our Beginner’s Guide,

We noticed your interest online and wanted to introduce our AI-powered marketing solution
that helps businesses generate high-quality leads.

Let us know if you'd like to learn more.

Best regards,
AI Marketing Team
"
Python 3.14.3,High Potential Lead,"
Hello Python 3.14.3,

We noticed your interest online and wanted to introduce our AI-powered marketing solution
that helps businesses generate high-quality leads.

Let us know if you'd like to learn more.

Best regards,
AI Marketing Team
"
docs.python.org,High Potential Lead,"
Hello docs.python.org,

We noticed your interest online and wanted to introduce our AI-powered marketing solution
that helps businesses generate high-quality leads.

Let us know if you'd like to learn more.

Best regards,
AI Marketing Team
"
jobs.python.org,High Potential Lead,"
Hello jobs.python.org,

We noticed your interest online and wanted to introduce our AI-powered marketing solution
that helps businesses generate high-quality leads.

Let us know if you'd like to learn more.

Best regards,
AI Marketing Team
"
More,Low Potential Lead,"
Hello More,

We noticed your interest online and wanted to introduce our AI-powered marketing solution
that helps businesses generate high-quality leads.

Let us know if you'd like to learn more.

Best regards,
AI Marketing Team
"
Applications to Join the PSF Meetup Pro Network Are Back Open,High Potential Lead,"
Hello Applications to Join the PSF Meetup Pro Network Are Back Open,

We noticed your interest online and wanted to introduce our AI-powered marketing solution
that helps businesses generate high-quality leads.

Let us know if you'd like to learn more.

Best regards,
AI Marketing Team
"
Python 3.15.0 alpha 7,High Potential Lead,"
Hello Python 3.15.0 alpha 7,

We noticed your interest online and wanted to introduce our AI-powered marketing solution
that helps businesses generate high-quality leads.

Let us know if you'd like to learn more.

Best regards,
AI Marketing Team
"
CPython: 36 Years of Source Code,High Potential Lead,"
Hello CPython: 36 Years of Source Code,

We noticed your interest online and wanted to introduce our AI-powered marketing solution
that helps businesses generate high-quality leads.

Let us know if you'd like to learn more.

Best regards,
AI Marketing Team
"
"Python 3.12.13, 3.11.15 and 3.10.20 are now available!",High Potential Lead,"
Hello Python 3.12.13, 3.11.15 and 3.10.20 are now available!,

We noticed your interest online and wanted to introduce our AI-powered marketing solution
that helps businesses generate high-quality leads.

Let us know if you'd like to learn more.

Best regards,
AI Marketing Team
"
The Python Insider Blog Has Moved!,High Potential Lead,"
Hello The Python Insider Blog Has Moved!,

We noticed your interest online and wanted to introduce our AI-powered marketing solution
that helps businesses generate high-quality leads.

Let us know if you'd like to learn more.

Best regards,
AI Marketing Team
"
More,Low Potential Lead,"
Hello More,

We noticed your interest online and wanted to introduce our AI-powered marketing solution
that helps businesses generate high-quality leads.

Let us know if you'd like to learn more.

Best regards,
AI Marketing Team
"
Django Girls Maputo #6,High Potential Lead,"
Hello Django Girls Maputo #6,

We noticed your interest online and wanted to introduce our AI-powered marketing solution
that helps businesses generate high-quality leads.

Let us know if you'd like to learn more.

Best regards,
AI Marketing Team
"
PythonAsia 2026,High Potential Lead,"
Hello PythonAsia 2026,

We noticed your interest online and wanted to introduce our AI-powered marketing solution
that helps businesses generate high-quality leads.

Let us know if you'd like to learn more.

Best regards,
AI Marketing Team
"
PyCascades 2026,High Potential Lead,"
Hello PyCascades 2026,

We noticed your interest online and wanted to introduce our AI-powered marketing solution
that helps businesses generate high-quality leads.

Let us know if you'd like to learn more.

Best regards,
AI Marketing Team
"
Django Girls Colombia 2026,High Potential Lead,"
Hello Django Girls Colombia 2026,

We noticed your interest online and wanted to introduce our AI-powered marketing solution
that helps businesses generate high-quality leads.

Let us know if you'd like to learn more.

Best regards,
AI Marketing Team
"
PyCon Lithuania 2026,High Potential Lead,"
Hello PyCon Lithuania 2026,

We noticed your interest online and wanted to introduce our AI-powered marketing solution
that helps businesses generate high-quality leads.

Let us know if you'd like to learn more.

Best regards,
AI Marketing Team
"
More,Low Potential Lead,"
Hello More,

We noticed your interest online and wanted to introduce our AI-powered marketing solution
that helps businesses generate high-quality leads.

Let us know if you'd like to learn more.

Best regards,
AI Marketing Team
"
"Python powers major aspects of Abridge’s ML lifecycle, including data annotation,  research and experimentation, and ML model deployment to production.",High Potential Lead,"
Hello Python powers major aspects of Abridge’s ML lifecycle, including data annotation,  research and experimentation, and ML model deployment to production.,

We noticed your interest online and wanted to introduce our AI-powered marketing solution
that helps businesses generate high-quality leads.

Let us know if you'd like to learn more.

Best regards,
AI Marketing Team
"
Abridging clinical conversations using Python,High Potential Lead,"
Hello Abridging clinical conversations using Python,

We noticed your interest online and wanted to introduce our AI-powered marketing solution
that helps businesses generate high-quality leads.

Let us know if you'd like to learn more.

Best regards,
AI Marketing Team
"
More,Low Potential Lead,"
Hello More,

We noticed your interest online and wanted to introduce our AI-powered marketing solution
that helps businesses generate high-quality leads.

Let us know if you'd like to learn more.

Best regards,
AI Marketing Team
"
Django,Low Potential Lead,"
Hello Django,

We noticed your interest online and wanted to introduce our AI-powered marketing solution
that helps businesses generate high-quality leads.

Let us know if you'd like to learn more.

Best regards,
AI Marketing Team
"
Pyramid,Low Potential Lead,"
Hello Pyramid,

We noticed your interest online and wanted to introduce our AI-powered marketing solution
that helps businesses generate high-quality leads.

Let us know if you'd like to learn more.

Best regards,
AI Marketing Team
"
Bottle,Low Potential Lead,"
Hello Bottle,

We noticed your interest online and wanted to introduce our AI-powered marketing solution
that helps businesses generate high-quality leads.

Let us know if you'd like to learn more.

Best regards,
AI Marketing Team
"
Tornado,Low Potential Lead,"
Hello Tornado,

We noticed your interest online and wanted to introduce our AI-powered marketing solution
that helps businesses generate high-quality leads.

Let us know if you'd like to learn more.

Best regards,
AI Marketing Team
"
Flask,Low Potential Lead,"
Hello Flask,

We noticed your interest online and wanted to introduce our AI-powered marketing solution
that helps businesses generate high-quality leads.

Let us know if you'd like to learn more.

Best regards,
AI Marketing Team
"
Litestar,Low Potential Lead,"
Hello Litestar,

We noticed your interest online and wanted to introduce our AI-powered marketing solution
that helps businesses generate high-quality leads.

Let us know if you'd like to learn more.

Best regards,
AI Marketing Team
"
FastAPI,Low Potential Lead,"
Hello FastAPI,

We noticed your interest online and wanted to introduce our AI-powered marketing solution
that helps businesses generate high-quality leads.

Let us know if you'd like to learn more.

Best regards,
AI Marketing Team
"
tkInter,Low Potential Lead,"
Hello tkInter,

We noticed your interest online and wanted to introduce our AI-powered marketing solution
that helps businesses generate high-quality leads.

Let us know if you'd like to learn more.

Best regards,
AI Marketing Team
"
PyGObject,Low Potential Lead,"
Hello PyGObject,

We noticed your interest online and wanted to introduce our AI-powered marketing solution
that helps businesses generate high-quality leads.

Let us know if you'd like to learn more.

Best regards,
AI Marketing Team
"
PyQt,Low Potential Lead,"
Hello PyQt,

We noticed your interest online and wanted to introduce our AI-powered marketing solution
that helps businesses generate high-quality leads.

Let us know if you'd like to learn more.

Best regards,
AI Marketing Team
"
PySide,Low Potential Lead,"
Hello PySide,

We noticed your interest online and wanted to introduce our AI-powered marketing solution
that helps businesses generate high-quality leads.

Let us know if you'd like to learn more.

Best regards,
AI Marketing Team
"
Kivy,Low Potential Lead,"
Hello Kivy,

We noticed your interest online and wanted to introduce our AI-powered marketing solution
that helps businesses generate high-quality leads.

Let us know if you'd like to learn more.

Best regards,
AI Marketing Team
"
wxPython,Low Potential Lead,"
Hello wxPython,

We noticed your interest online and wanted to introduce our AI-powered marketing solution
that helps businesses generate high-quality leads.

Let us know if you'd like to learn more.

Best regards,
AI Marketing Team
"
DearPyGui,Low Potential Lead,"
Hello DearPyGui,

We noticed your interest online and wanted to introduce our AI-powered marketing solution
that helps businesses generate high-quality leads.

Let us know if you'd like to learn more.

Best regards,
AI Marketing Team
"
PyTorch,Low Potential Lead,"
Hello PyTorch,

We noticed your interest online and wanted to introduce our AI-powered marketing solution
that helps businesses generate high-quality leads.

Let us know if you'd like to learn more.

Best regards,
AI Marketing Team
"
TensorFlow,Low Potential Lead,"
Hello TensorFlow,

We noticed your interest online and wanted to introduce our AI-powered marketing solution
that helps businesses generate high-quality leads.

Let us know if you'd like to learn more.

Best regards,
AI Marketing Team
"
scikit-learn,High Potential Lead,"
Hello scikit-learn,

We noticed your interest online and wanted to introduce our AI-powered marketing solution
that helps businesses generate high-quality leads.

Let us know if you'd like to learn more.

Best regards,
AI Marketing Team
"
Transformers,High Potential Lead,"
Hello Transformers,

We noticed your interest online and wanted to introduce our AI-powered marketing solution
that helps businesses generate high-quality leads.

Let us know if you'd like to learn more.

Best regards,
AI Marketing Team
"
Anthropic,Low Potential Lead,"
Hello Anthropic,

We noticed your interest online and wanted to introduce our AI-powered marketing solution
that helps businesses generate high-quality leads.

Let us know if you'd like to learn more.

Best regards,
AI Marketing Team
"
LangChain,Low Potential Lead,"
Hello LangChain,

We noticed your interest online and wanted to introduce our AI-powered marketing solution
that helps businesses generate high-quality leads.

Let us know if you'd like to learn more.

Best regards,
AI Marketing Team
"
SciPy,Low Potential Lead,"
Hello SciPy,

We noticed your interest online and wanted to introduce our AI-powered marketing solution
that helps businesses generate high-quality leads.

Let us know if you'd like to learn more.

Best regards,
AI Marketing Team
"
Pandas,Low Potential Lead,"
Hello Pandas,

We noticed your interest online and wanted to introduce our AI-powered marketing solution
that helps businesses generate high-quality leads.

Let us know if you'd like to learn more.

Best regards,
AI Marketing Team
"
IPython,Low Potential Lead,"
Hello IPython,

We noticed your interest online and wanted to introduce our AI-powered marketing solution
that helps businesses generate high-quality leads.

Let us know if you'd like to learn more.

Best regards,
AI Marketing Team
"
Buildbot,Low Potential Lead,"
Hello Buildbot,

We noticed your interest online and wanted to introduce our AI-powered marketing solution
that helps businesses generate high-quality leads.

Let us know if you'd like to learn more.

Best regards,
AI Marketing Team
"
Trac,Low Potential Lead,"
Hello Trac,

We noticed your interest online and wanted to introduce our AI-powered marketing solution
that helps businesses generate high-quality leads.

Let us know if you'd like to learn more.

Best regards,
AI Marketing Team
"
Roundup,Low Potential Lead,"
Hello Roundup,

We noticed your interest online and wanted to introduce our AI-powered marketing solution
that helps businesses generate high-quality leads.

Let us know if you'd like to learn more.

Best regards,
AI Marketing Team
"
Ansible,Low Potential Lead,"
Hello Ansible,

We noticed your interest online and wanted to introduce our AI-powered marketing solution
that helps businesses generate high-quality leads.

Let us know if you'd like to learn more.

Best regards,
AI Marketing Team
"
Salt,Low Potential Lead,"
Hello Salt,

We noticed your interest online and wanted to introduce our AI-powered marketing solution
that helps businesses generate high-quality leads.

Let us know if you'd like to learn more.

Best regards,
AI Marketing Team
"
OpenStack,Low Potential Lead,"
Hello OpenStack,

We noticed your interest online and wanted to introduce our AI-powered marketing solution
that helps businesses generate high-quality leads.

Let us know if you'd like to learn more.

Best regards,
AI Marketing Team
"
xonsh,Low Potential Lead,"
Hello xonsh,

We noticed your interest online and wanted to introduce our AI-powered marketing solution
that helps businesses generate high-quality leads.

Let us know if you'd like to learn more.

Best regards,
AI Marketing Team
"
Python Software Foundation,High Potential Lead,"
Hello Python Software Foundation,

We noticed your interest online and wanted to introduce our AI-powered marketing solution
that helps businesses generate high-quality leads.

Let us know if you'd like to learn more.

Best regards,
AI Marketing Team
"
Learn more,Low Potential Lead,"
Hello Learn more,

We noticed your interest online and wanted to introduce our AI-powered marketing solution
that helps businesses generate high-quality leads.

Let us know if you'd like to learn more.

Best regards,
AI Marketing Team
"
Become a Member,High Potential Lead,"
Hello Become a Member,

We noticed your interest online and wanted to introduce our AI-powered marketing solution
that helps businesses generate high-quality leads.

Let us know if you'd like to learn more.

Best regards,
AI Marketing Team
"
Donate to the PSF,High Potential Lead,"
Hello Donate to the PSF,

We noticed your interest online and wanted to introduce our AI-powered marketing solution
that helps businesses generate high-quality leads.

Let us know if you'd like to learn more.

Best regards,
AI Marketing Team
"
▲ Back to Top,High Potential Lead,"
Hello ▲ Back to Top,

We noticed your interest online and wanted to introduce our AI-powered marketing solution
that helps businesses generate high-quality leads.

Let us know if you'd like to learn more.

Best regards,
AI Marketing Team
"
About,Low Potential Lead,"
Hello About,

We noticed your interest online and wanted to introduce our AI-powered marketing solution
that helps businesses generate high-quality leads.

Let us know if you'd like to learn more.

Best regards,
AI Marketing Team
"
Applications,High Potential Lead,"
Hello Applications,

We noticed your interest online and wanted to introduce our AI-powered marketing solution
that helps businesses generate high-quality leads.

Let us know if you'd like to learn more.

Best regards,
AI Marketing Team
"
Quotes,Low Potential Lead,"
Hello Quotes,

We noticed your interest online and wanted to introduce our AI-powered marketing solution
that helps businesses generate high-quality leads.

Let us know if you'd like to learn more.

Best regards,
AI Marketing Team
"
Getting Started,High Potential Lead,"
Hello Getting Started,

We noticed your interest online and wanted to introduce our AI-powered marketing solution
that helps businesses generate high-quality leads.

Let us know if you'd like to learn more.

Best regards,
AI Marketing Team
"
Help,Low Potential Lead,"
Hello Help,

We noticed your interest online and wanted to introduce our AI-powered marketing solution
that helps businesses generate high-quality leads.

Let us know if you'd like to learn more.

Best regards,
AI Marketing Team
"
Python Brochure,High Potential Lead,"
Hello Python Brochure,

We noticed your interest online and wanted to introduce our AI-powered marketing solution
that helps businesses generate high-quality leads.

Let us know if you'd like to learn more.

Best regards,
AI Marketing Team
"
Downloads,Low Potential Lead,"
Hello Downloads,

We noticed your interest online and wanted to introduce our AI-powered marketing solution
that helps businesses generate high-quality leads.

Let us know if you'd like to learn more.

Best regards,
AI Marketing Team
"
All releases,High Potential Lead,"
Hello All releases,

We noticed your interest online and wanted to introduce our AI-powered marketing solution
that helps businesses generate high-quality leads.

Let us know if you'd like to learn more.

Best regards,
AI Marketing Team
"
Source code,High Potential Lead,"
Hello Source code,

We noticed your interest online and wanted to introduce our AI-powered marketing solution
that helps businesses generate high-quality leads.

Let us know if you'd like to learn more.

Best regards,
AI Marketing Team
"
Windows,Low Potential Lead,"
Hello Windows,

We noticed your interest online and wanted to introduce our AI-powered marketing solution
that helps businesses generate high-quality leads.

Let us know if you'd like to learn more.

Best regards,
AI Marketing Team
"
macOS,Low Potential Lead,"
Hello macOS,

We noticed your interest online and wanted to introduce our AI-powered marketing solution
that helps businesses generate high-quality leads.

Let us know if you'd like to learn more.

Best regards,
AI Marketing Team
"
Android,Low Potential Lead,"
Hello Android,

We noticed your interest online and wanted to introduce our AI-powered marketing solution
that helps businesses generate high-quality leads.

Let us know if you'd like to learn more.

Best regards,
AI Marketing Team
"
Other Platforms,High Potential Lead,"
Hello Other Platforms,

We noticed your interest online and wanted to introduce our AI-powered marketing solution
that helps businesses generate high-quality leads.

Let us know if you'd like to learn more.

Best regards,
AI Marketing Team
"
License,Low Potential Lead,"
Hello License,

We noticed your interest online and wanted to introduce our AI-powered marketing solution
that helps businesses generate high-quality leads.

Let us know if you'd like to learn more.

Best regards,
AI Marketing Team
"
Alternative Implementations,High Potential Lead,"
Hello Alternative Implementations,

We noticed your interest online and wanted to introduce our AI-powered marketing solution
that helps businesses generate high-quality leads.

Let us know if you'd like to learn more.

Best regards,
AI Marketing Team
"
Documentation,High Potential Lead,"
Hello Documentation,

We noticed your interest online and wanted to introduce our AI-powered marketing solution
that helps businesses generate high-quality leads.

Let us know if you'd like to learn more.

Best regards,
AI Marketing Team
"
Docs,Low Potential Lead,"
Hello Docs,

We noticed your interest online and wanted to introduce our AI-powered marketing solution
that helps businesses generate high-quality leads.

Let us know if you'd like to learn more.

Best regards,
AI Marketing Team
"
Audio/Visual Talks,High Potential Lead,"
Hello Audio/Visual Talks,

We noticed your interest online and wanted to introduce our AI-powered marketing solution
that helps businesses generate high-quality leads.

Let us know if you'd like to learn more.

Best regards,
AI Marketing Team
"
Beginner's Guide,High Potential Lead,"
Hello Beginner's Guide,

We noticed your interest online and wanted to introduce our AI-powered marketing solution
that helps businesses generate high-quality leads.

Let us know if you'd like to learn more.

Best regards,
AI Marketing Team
"
FAQ,Low Potential Lead,"
Hello FAQ,

We noticed your interest online and wanted to introduce our AI-powered marketing solution
that helps businesses generate high-quality leads.

Let us know if you'd like to learn more.

Best regards,
AI Marketing Team
"
Non-English Docs,High Potential Lead,"
Hello Non-English Docs,

We noticed your interest online and wanted to introduce our AI-powered marketing solution
that helps businesses generate high-quality leads.

Let us know if you'd like to learn more.

Best regards,
AI Marketing Team
"
PEP Index,Low Potential Lead,"
Hello PEP Index,

We noticed your interest online and wanted to introduce our AI-powered marketing solution
that helps businesses generate high-quality leads.

Let us know if you'd like to learn more.

Best regards,
AI Marketing Team
"
Python Books,High Potential Lead,"
Hello Python Books,

We noticed your interest online and wanted to introduce our AI-powered marketing solution
that helps businesses generate high-quality leads.

Let us know if you'd like to learn more.

Best regards,
AI Marketing Team
"
Python Essays,High Potential Lead,"
Hello Python Essays,

We noticed your interest online and wanted to introduce our AI-powered marketing solution
that helps businesses generate high-quality leads.

Let us know if you'd like to learn more.

Best regards,
AI Marketing Team
"
Community,Low Potential Lead,"
Hello Community,

We noticed your interest online and wanted to introduce our AI-powered marketing solution
that helps businesses generate high-quality leads.

Let us know if you'd like to learn more.

Best regards,
AI Marketing Team
"
Diversity,Low Potential Lead,"
Hello Diversity,

We noticed your interest online and wanted to introduce our AI-powered marketing solution
that helps businesses generate high-quality leads.

Let us know if you'd like to learn more.

Best regards,
AI Marketing Team
"
Mailing Lists,High Potential Lead,"
Hello Mailing Lists,

We noticed your interest online and wanted to introduce our AI-powered marketing solution
that helps businesses generate high-quality leads.

Let us know if you'd like to learn more.

Best regards,
AI Marketing Team
"
IRC,Low Potential Lead,"
Hello IRC,

We noticed your interest online and wanted to introduce our AI-powered marketing solution
that helps businesses generate high-quality leads.

Let us know if you'd like to learn more.

Best regards,
AI Marketing Team
"
Forums,Low Potential Lead,"
Hello Forums,

We noticed your interest online and wanted to introduce our AI-powered marketing solution
that helps businesses generate high-quality leads.

Let us know if you'd like to learn more.

Best regards,
AI Marketing Team
"
PSF Annual Impact Report,High Potential Lead,"
Hello PSF Annual Impact Report,

We noticed your interest online and wanted to introduce our AI-powered marketing solution
that helps businesses generate high-quality leads.

Let us know if you'd like to learn more.

Best regards,
AI Marketing Team
"
Python Conferences,High Potential Lead,"
Hello Python Conferences,

We noticed your interest online and wanted to introduce our AI-powered marketing solution
that helps businesses generate high-quality leads.

Let us know if you'd like to learn more.

Best regards,
AI Marketing Team
"
Special Interest Groups,High Potential Lead,"
Hello Special Interest Groups,

We noticed your interest online and wanted to introduce our AI-powered marketing solution
that helps businesses generate high-quality leads.

Let us know if you'd like to learn more.

Best regards,
AI Marketing Team
"
Python Logo,High Potential Lead,"
Hello Python Logo,

We noticed your interest online and wanted to introduce our AI-powered marketing solution
that helps businesses generate high-quality leads.

Let us know if you'd like to learn more.

Best regards,
AI Marketing Team
"
Python Wiki,High Potential Lead,"
Hello Python Wiki,

We noticed your interest online and wanted to introduce our AI-powered marketing solution
that helps businesses generate high-quality leads.

Let us know if you'd like to learn more.

Best regards,
AI Marketing Team
"
Code of Conduct,High Potential Lead,"
Hello Code of Conduct,

We noticed your interest online and wanted to introduce our AI-powered marketing solution
that helps businesses generate high-quality leads.

Let us know if you'd like to learn more.

Best regards,
AI Marketing Team
"
Community Awards,High Potential Lead,"
Hello Community Awards,

We noticed your interest online and wanted to introduce our AI-powered marketing solution
that helps businesses generate high-quality leads.

Let us know if you'd like to learn more.

Best regards,
AI Marketing Team
"
Get Involved,High Potential Lead,"
Hello Get Involved,

We noticed your interest online and wanted to introduce our AI-powered marketing solution
that helps businesses generate high-quality leads.

Let us know if you'd like to learn more.

Best regards,
AI Marketing Team
"
Shared Stories,High Potential Lead,"
Hello Shared Stories,

We noticed your interest online and wanted to introduce our AI-powered marketing solution
that helps businesses generate high-quality leads.

Let us know if you'd like to learn more.

Best regards,
AI Marketing Team
"
Success Stories,High Potential Lead,"
Hello Success Stories,

We noticed your interest online and wanted to introduce our AI-powered marketing solution
that helps businesses generate high-quality leads.

Let us know if you'd like to learn more.

Best regards,
AI Marketing Team
"
Arts,Low Potential Lead,"
Hello Arts,

We noticed your interest online and wanted to introduce our AI-powered marketing solution
that helps businesses generate high-quality leads.

Let us know if you'd like to learn more.

Best regards,
AI Marketing Team
"
Business,Low Potential Lead,"
Hello Business,

We noticed your interest online and wanted to introduce our AI-powered marketing solution
that helps businesses generate high-quality leads.

Let us know if you'd like to learn more.

Best regards,
AI Marketing Team
"
Education,Low Potential Lead,"
Hello Education,

We noticed your interest online and wanted to introduce our AI-powered marketing solution
that helps businesses generate high-quality leads.

Let us know if you'd like to learn more.

Best regards,
AI Marketing Team
"
Engineering,High Potential Lead,"
Hello Engineering,

We noticed your interest online and wanted to introduce our AI-powered marketing solution
that helps businesses generate high-quality leads.

Let us know if you'd like to learn more.

Best regards,
AI Marketing Team
"
Government,Low Potential Lead,"
Hello Government,

We noticed your interest online and wanted to introduce our AI-powered marketing solution
that helps businesses generate high-quality leads.

Let us know if you'd like to learn more.

Best regards,
AI Marketing Team
"
Scientific,Low Potential Lead,"
Hello Scientific,

We noticed your interest online and wanted to introduce our AI-powered marketing solution
that helps businesses generate high-quality leads.

Let us know if you'd like to learn more.

Best regards,
AI Marketing Team
"
Software Development,High Potential Lead,"
Hello Software Development,

We noticed your interest online and wanted to introduce our AI-powered marketing solution
that helps businesses generate high-quality leads.

Let us know if you'd like to learn more.

Best regards,
AI Marketing Team
"
News,Low Potential Lead,"
Hello News,

We noticed your interest online and wanted to introduce our AI-powered marketing solution
that helps businesses generate high-quality leads.

Let us know if you'd like to learn more.

Best regards,
AI Marketing Team
"
Python News,High Potential Lead,"
Hello Python News,

We noticed your interest online and wanted to introduce our AI-powered marketing solution
that helps businesses generate high-quality leads.

Let us know if you'd like to learn more.

Best regards,
AI Marketing Team
"
PSF Newsletter,High Potential Lead,"
Hello PSF Newsletter,

We noticed your interest online and wanted to introduce our AI-powered marketing solution
that helps businesses generate high-quality leads.

Let us know if you'd like to learn more.

Best regards,
AI Marketing Team
"
PSF News,Low Potential Lead,"
Hello PSF News,

We noticed your interest online and wanted to introduce our AI-powered marketing solution
that helps businesses generate high-quality leads.

Let us know if you'd like to learn more.

Best regards,
AI Marketing Team
"
PyCon US News,High Potential Lead,"
Hello PyCon US News,

We noticed your interest online and wanted to introduce our AI-powered marketing solution
that helps businesses generate high-quality leads.

Let us know if you'd like to learn more.

Best regards,
AI Marketing Team
"
News from the Community,High Potential Lead,"
Hello News from the Community,

We noticed your interest online and wanted to introduce our AI-powered marketing solution
that helps businesses generate high-quality leads.

Let us know if you'd like to learn more.

Best regards,
AI Marketing Team
"
Events,Low Potential Lead,"
Hello Events,

We noticed your interest online and wanted to introduce our AI-powered marketing solution
that helps businesses generate high-quality leads.

Let us know if you'd like to learn more.

Best regards,
AI Marketing Team
"
Python Events,High Potential Lead,"
Hello Python Events,

We noticed your interest online and wanted to introduce our AI-powered marketing solution
that helps businesses generate high-quality leads.

Let us know if you'd like to learn more.

Best regards,
AI Marketing Team
"
User Group Events,High Potential Lead,"
Hello User Group Events,

We noticed your interest online and wanted to introduce our AI-powered marketing solution
that helps businesses generate high-quality leads.

Let us know if you'd like to learn more.

Best regards,
AI Marketing Team
"
Python Events Archive,High Potential Lead,"
Hello Python Events Archive,

We noticed your interest online and wanted to introduce our AI-powered marketing solution
that helps businesses generate high-quality leads.

Let us know if you'd like to learn more.

Best regards,
AI Marketing Team
"
User Group Events Archive,High Potential Lead,"
Hello User Group Events Archive,

We noticed your interest online and wanted to introduce our AI-powered marketing solution
that helps businesses generate high-quality leads.

Let us know if you'd like to learn more.

Best regards,
AI Marketing Team
"
Submit an Event,High Potential Lead,"
Hello Submit an Event,

We noticed your interest online and wanted to introduce our AI-powered marketing solution
that helps businesses generate high-quality leads.

Let us know if you'd like to learn more.

Best regards,
AI Marketing Team
"
Contributing,High Potential Lead,"
Hello Contributing,

We noticed your interest online and wanted to introduce our AI-powered marketing solution
that helps businesses generate high-quality leads.

Let us know if you'd like to learn more.

Best regards,
AI Marketing Team
"
Developer's Guide,High Potential Lead,"
Hello Developer's Guide,

We noticed your interest online and wanted to introduce our AI-powered marketing solution
that helps businesses generate high-quality leads.

Let us know if you'd like to learn more.

Best regards,
AI Marketing Team
"
Issue Tracker,High Potential Lead,"
Hello Issue Tracker,

We noticed your interest online and wanted to introduce our AI-powered marketing solution
that helps businesses generate high-quality leads.

Let us know if you'd like to learn more.

Best regards,
AI Marketing Team
"
python-dev list,High Potential Lead,"
Hello python-dev list,

We noticed your interest online and wanted to introduce our AI-powered marketing solution
that helps businesses generate high-quality leads.

Let us know if you'd like to learn more.

Best regards,
AI Marketing Team
"
Core Mentorship,High Potential Lead,"
Hello Core Mentorship,

We noticed your interest online and wanted to introduce our AI-powered marketing solution
that helps businesses generate high-quality leads.

Let us know if you'd like to learn more.

Best regards,
AI Marketing Team
"
Report a Security Issue,High Potential Lead,"
Hello Report a Security Issue,

We noticed your interest online and wanted to introduce our AI-powered marketing solution
that helps businesses generate high-quality leads.

Let us know if you'd like to learn more.

Best regards,
AI Marketing Team
"
▲ Back to Top,High Potential Lead,"
Hello ▲ Back to Top,

We noticed your interest online and wanted to introduce our AI-powered marketing solution
that helps businesses generate high-quality leads.

Let us know if you'd like to learn more.

Best regards,
AI Marketing Team
"
Help & General Contact,High Potential Lead,"
Hello Help & General Contact,

We noticed your interest online and wanted to introduce our AI-powered marketing solution
that helps businesses generate high-quality leads.

Let us know if you'd like to learn more.

Best regards,
AI Marketing Team
"
Diversity Initiatives,High Potential Lead,"
Hello Diversity Initiatives,

We noticed your interest online and wanted to introduce our AI-powered marketing solution
that helps businesses generate high-quality leads.

Let us know if you'd like to learn more.

Best regards,
AI Marketing Team
"
Submit Website Bug,High Potential Lead,"
Hello Submit Website Bug,

We noticed your interest online and wanted to introduce our AI-powered marketing solution
that helps businesses generate high-quality leads.

Let us know if you'd like to learn more.

Best regards,
AI Marketing Team
"
Status,Low Potential Lead,"
Hello Status,

We noticed your interest online and wanted to introduce our AI-powered marketing solution
that helps businesses generate high-quality leads.

Let us know if you'd like to learn more.

Best regards,
AI Marketing Team
"
Python Software Foundation,High Potential Lead,"
Hello Python Software Foundation,

We noticed your interest online and wanted to introduce our AI-powered marketing solution
that helps businesses generate high-quality leads.

Let us know if you'd like to learn more.

Best regards,
AI Marketing Team
"
Legal Statements,High Potential Lead,"
Hello Legal Statements,

We noticed your interest online and wanted to introduce our AI-powered marketing solution
that helps businesses generate high-quality leads.

Let us know if you'd like to learn more.

Best regards,
AI Marketing Team
"
Privacy Notice,High Potential Lead,"
Hello Privacy Notice,

We noticed your interest online and wanted to introduce our AI-powered marketing solution
that helps businesses generate high-quality leads.

Let us know if you'd like to learn more.

Best regards,
AI Marketing Team
"
